id,name,phone,address,city,state,country,lat,lng,rating,reviews,type,subtypes,website,status,price_level,working_hours,google_maps,reviews_link,photo,about
0x3f8dfd6271df0085:0x7d8e214052e7cada,فروش قطعات یدکی ایران خودرو,+989127158629,"Tehran Province, Tehran, District 21, Mostafa Khomeyni St, P76C+849 فروش قطعات یدکی ایران خودرو, ایران",تهران,استان تهران,IR,35.7107946,51.2703595,4.3,,فروشگاه لوازم جانبی خودرو,فروشگاه لوازم جانبی خودرو,,OPEN,,{},https://www.google.com/maps/place/data=!3m1!4b1!4m2!3m1!1s0x3f8dfd6271df0085:0x7d8e214052e7cada,https://search.google.com/local/reviews?placeid=ChIJhQDfcWL9jT8R2srnUkAhjn0&authuser=0,https://lh3.googleusercontent.com/gps-cs-s/AHVAwerkbIzyzRl_Xc-6JCkai1MRUjJXfa_zGpFx8V7PDfq7UhJfIhE4OQANUZAUEZeGGj8Verv5Lq29lwoE4-_O9qbXxlWRaJMdrjFfitRMNmo3v8gxvNhRM5vMeEfV1TSMiBrmj_LN2g,
0x3f8e01007325dda1:0xc3c1db62c5c92911,لوازم یدکی خودروهای چینی,+989194044717,"Tehran, Safi Alishah Rd, MCVJ+689 لوازم یدکی خودروهای چینی, ایران",تهران,,IR,35.6930183,51.4308482,5,,فروشگاه لوازم یدکی,فروشگاه لوازم یدکی,https://www.taktazpart.com,OPEN,,{'شنبه': ['۱۰ تا ۱۸']},https://www.google.com/maps/place/data=!3m1!4b1!4m2!3m1!1s0x3f8e01007325dda1:0xc3c1db62c5c92911,https://search.google.com/local/reviews?placeid=ChIJod0lcwABjj8RESnJxWLbwcM&authuser=0,https://lh3.googleusercontent.com/gps-cs-s/AHVAweriFv-tTwKKEXhY1HaEmDe-O7HNJ-eUdkaqvyzlvC7Z3BIEd6MXmzK0-QVQMNYKpawrYA3KQKYLnx7Fca7x-fi2rJfsODk6uwaFlk_wX8kYLc2LCmQHnc-9NBQ3ea2HvvjENU97Be_-dMJB,
0x3fbc357caa65d7b5:0xe698d13b053fc5a,فروشگاه قطعات خودروهای سواری چینی,+989133140116,فروشگاه قطعات خودروهای سواری چینی، MJJR+RHP، اصفهان، استان اصفهان، ایران,اصفهان,استان اصفهان,IR,32.682097999999996,51.6414652,5,,تعمیرگاه خودرو,تعمیرگاه خودرو,,OPEN,,{'شنبه': ['شبانه\u200cروزی باز است']},https://www.google.com/maps/place/data=!3m1!4b1!4m2!3m1!1s0x3fbc357caa65d7b5:0xe698d13b053fc5a,https://search.google.com/local/reviews?placeid=ChIJtddlqnw1vD8RWvxTsBONaQ4&authuser=0,https://lh3.googleusercontent.com/gps-cs-s/AHVAweqawSXGlECsU0OmMs6fBzodJ1YwTzdKap5zMkbLP7e6EF21NsCBLn61zxD_OpL5SVT8Rrc1MsN4R5ZCLNACcRkUfSW9lxLWnFfzDpN2jV-ZoBMXNd6DgJu2bnvfDTavhsub0Hlg,
0x3f8e01056c62e035:0xc5d35f0bf7ba816e,فروشگاه اژدری,+982133938540,فروشگاه اژدری، MCPF+9G2 منطقه ۱۲، تهران، استان تهران، ایران,تهران,استان تهران,IR,35.6857869,51.4232653,4.6,,فروشگاه لوازم یدکی,فروشگاه لوازم یدکی,http://www.azh-parts.ir,OPEN,,{'شنبه': ['۹ تا ۱۷']},https://www.google.com/maps/place/data=!3m1!4b1!4m2!3m1!1s0x3f8e01056c62e035:0xc5d35f0bf7ba816e,https://search.google.com/local/reviews?placeid=ChIJNeBibAUBjj8RboG69wtf08U&authuser=0,https://lh3.googleusercontent.com/gps-cs-s/AHVAweoX6-3UzucgCVLusMBFTJ_QYE5Z5ANyopuqLqB6kOcjfIkKkaiHKBog1rtW0jS0TeoPk6-pjPvBzZpUpz5oOq4itTEG_Pv1javdPF9Ym3k82qvvStdAJoVth4cdn6Wn8F828mql6jgChVE,
0x3f8e012742470037:0xe1477f807a454656,فروشگاه قطعات خودرو های چینی (مرکزی),+989193131906,"Tehran Province, Tehran, S Saadi St, MCPF+7GP فروشگاه قطعات خودرو های چینی (مرکزی), ایران",تهران,استان تهران,IR,35.685709599999996,51.4238128,3,,فروشگاه لوازم یدکی,فروشگاه لوازم یدکی,,OPEN,,{'شنبه': ['۹ تا ۱۸']},https://www.google.com/maps/place/data=!3m1!4b1!4m2!3m1!1s0x3f8e012742470037:0xe1477f807a454656,https://search.google.com/local/reviews?placeid=ChIJNwBHQicBjj8RVkZFeoB_R-E&authuser=0,https://lh3.googleusercontent.com/gps-cs-s/AHVAweptZr2Jvjt0gx7deChjhrE5RtGIIf-z2pueeENdpOZf55FRnhvYLvTheDmC2xzpgr8yhQhn7AMyb2kFU_svVriQYAi4U4q8QCU4QDZZg2CWKgd8pVGYrMTcskthL73y6iUMkN3h,
0x3f8dbf005054c8c3:0xca9d2ea8b06b8a3f,لوازم یدکی خودروهای چینی,+989375704004,کرج، گلشهر، کوچه آذر شرقی،لوازم یدکی خودرو چینی رو، بلوار شمس، پلاک ابتدای، لوازم یدکی خودروهای چینی، ایران,کرج,,IR,35.8332585,50.941156,5,,فروشگاه لوازم یدکی,فروشگاه لوازم یدکی,,OPEN,,{'شنبه': ['۹ تا ۲۰:۳۰']},https://www.google.com/maps/place/data=!3m1!4b1!4m2!3m1!1s0x3f8dbf005054c8c3:0xca9d2ea8b06b8a3f,https://search.google.com/local/reviews?placeid=ChIJw8hUUAC_jT8RP4prsKgunco&authuser=0,https://lh3.googleusercontent.com/gps-cs-s/AHVAwep2SM8ZZFv0hI-rd1A_Gw140oGBybWpqgAEmNDypBVWU8OJWVU0XQTATd-v6gy1ZCPW0ygc2gQnuRK6T6ltD7hX2HNzSFkgcR3yYzXW5Eh3-bkvFkLGhi9A6Xk1soK0VvP665CA,
0x3f8e010fdebbed97:0xbb02dc0b22f2aaf7,فروشگاه نیکی پارت (خودروهای چینی),+989198622840,تهران، کوچه سراج الملک، پلاک کوچه، فروشگاه نیکی پارت (خودروهای چینی)، حمام پاساژ میلاد ط سوم پ45، ایران,تهران,,IR,35.6872302,51.4283863,5,,فروشگاه لوازم یدکی,فروشگاه لوازم یدکی,http://www.nikipart.com,OPEN,,{'شنبه': ['۱۰ تا ۱۹']},https://www.google.com/maps/place/data=!3m1!4b1!4m2!3m1!1s0x3f8e010fdebbed97:0xbb02dc0b22f2aaf7,https://search.google.com/local/reviews?placeid=ChIJl-273g8Bjj8R96ryIgvcArs&authuser=0,https://lh3.googleusercontent.com/gps-cs-s/AHVAwerMVe-oWctsApmoXHxQ1ARYMI7LWCnYwK19RNol7HL82aRvFTn-RJ7h9oUVR-C7hYvgnQHS7-IxlcIhzlYRuxYIE6bm-VdmJENRXdBoiXTBA-pSLh7gX6RhE2efXst8TxLM2XYv2g,
0x3f8e01004e14ed6f:0xcc413806426db828,لوازم یدکی پولاد خودرو های چینی,,"Tehran, Mellat St, MCQG+HV3 لوازم یدکی پولاد خودرو های چینی, ایران",تهران,,IR,35.6888941,51.4271655,5,,فروشگاه لوازم یدکی,فروشگاه لوازم یدکی,http://pooladyadak.ir,OPEN,,{'شنبه': ['۱۰ تا ۱۸']},https://www.google.com/maps/place/data=!3m1!4b1!4m2!3m1!1s0x3f8e01004e14ed6f:0xcc413806426db828,https://search.google.com/local/reviews?placeid=ChIJb-0UTgABjj8RKLhtQgY4Qcw&authuser=0,https://lh3.googleusercontent.com/gps-cs-s/AHVAwepwdXbsT6lVcajKMCmnpUuA1O1PtRPTWrCmP8M65qihO_YAdz7GTjdoXXZ5VcmYPGkQyHkyCnZeoSrpPwPH2i8blfThXTx3CGWrfdoZqNqgI4uhQBuMah3VRIjc3uPGUzzquRq5zVdqkmF0,
0x3fbc29003f52e5b1:0xef0cd8af865a153c,مبین یدک - لوازم یدکی خودرو چینی,+989300032042,"مبین یدک - لوازم یدکی خودرو چینی, FCG3+545, Fuladshahr, Isfahan Province, ایران",فولاد شهر,استان اصفهان,IR,32.4754892,51.402638599999996,4.4,,فروشگاه لوازم جانبی خودرو,فروشگاه لوازم جانبی خودرو,https://mobinyadak.ir,OPEN,,{'شنبه': ['۹ تا ۱۸']},https://www.google.com/maps/place/data=!3m1!4b1!4m2!3m1!1s0x3fbc29003f52e5b1:0xef0cd8af865a153c,https://search.google.com/local/reviews?placeid=ChIJseVSPwApvD8RPBVahq_YDO8&authuser=0,https://lh3.googleusercontent.com/gps-cs-s/AHVAweqN0rAkIjTV01S69Ga02A3DQ_4z_6GQSWv7KRu6MgAFmExldrIHJCO5r3x8CPovK6v5dEjCIXskKlUwEGGy4Jlr05FCOePEmq4u05CoaH60VfPg7l3h-suFvP0IZDL8ovmo4XHRb93LQU8w,
0x3fbc4bd8f539d72b:0x8e74bb948faa7937,قطعات خودروهای چینی منصوری,+989132668593,قطعات خودروهای چینی منصوری، MMVJ+GP5، اصفهان، استان اصفهان، ایران,اصفهان,استان اصفهان,IR,32.6937523,51.6818611,4,,فروشگاه لوازم یدکی,فروشگاه لوازم یدکی,,OPEN,,{'شنبه': ['۸ تا ۲۰']},https://www.google.com/maps/place/data=!3m1!4b1!4m2!3m1!1s0x3fbc4bd8f539d72b:0x8e74bb948faa7937,https://search.google.com/local/reviews?placeid=ChIJK9c59dhLvD8RN3mqj5S7dI4&authuser=0,https://lh3.googleusercontent.com/gps-cs-s/AHVAweqwuOgBh2xKG9Xa4l5OGl_rRyEHUCOGM1RCbxxVx_I58IoXxw5LiIBRnYgBNpoNiwubJGvFPtywCMnMNdsXWSStUJAA6yw7ZKsdDYnQtK2zgmJP8xsXqCzChJzYjJhpru-2tSw,
0x3f8f812b6da1e6b5:0xb9126c0afdbd76a3,لوازم یدکی خودروهای چینی,+989111154990,میاندشت، میاندشت،میربازار، بابلسر، استان مازندران،، MMJ2+9GP لوازم یدکی خودروهای چینی، ایران,میاندشت,,IR,36.680955,52.6513345,4.5,,فروشگاه لوازم یدکی,فروشگاه لوازم یدکی,,OPEN,,"{'شنبه': ['۸:۳۰ تا ۱۳', '۱۶ تا ۲۱:۳۰']}",https://www.google.com/maps/place/data=!3m1!4b1!4m2!3m1!1s0x3f8f812b6da1e6b5:0xb9126c0afdbd76a3,https://search.google.com/local/reviews?placeid=ChIJteahbSuBjz8Ro3a9_QpsErk&authuser=0,,
0x3f8dbfb20781a57f:0xfdfe6e692e251f10,لوازم یدکی ماشین چینی,+989198072490,لوازم یدکی ماشین چینی، RWPX+47M، کرج، استان البرز، ایران,کرج,استان البرز,IR,35.826030599999996,51.0035518,3,,location,,https://behnampart.ir,OPEN,,{'شنبه': ['۸:۳۰ تا ۲۱']},https://www.google.com/maps/place/data=!3m1!4b1!4m2!3m1!1s0x3f8dbfb20781a57f:0xfdfe6e692e251f10,https://search.google.com/local/reviews?placeid=ChIJf6WBB7K_jT8REB8lLmlu_v0&authuser=0,https://lh3.googleusercontent.com/gps-cs-s/AHVAwepPabZU81TUidgqZCkfIQIyQarJ3reuXIks_EftTQ08xn13mBBS9hUbL6YAr9YAMLUJ8C0DrszgeCJKSSn-10J-xMYWcQPN-h-7csdKyuAh_Ib9hlm5dJmhHjqo-X2XroMzyd-TKUJijE-X=m18,
0x3fbdcd005f79362d:0xd24da410cebec6c7,لوازم یدکی خودروهای چینی نصیری,+989138651056,"Isfahan Province, Khomeyni Shahr, Azadegan Blvd, لوازم یدکی خودروهای چینی نصیری, ایران",خمینی شهر,استان اصفهان,IR,32.7006175,51.522506,5,,فروشگاه لوازم یدکی,فروشگاه لوازم یدکی,,OPEN,,"{'شنبه': ['۸:۳۰ تا ۱۳', '۱۵:۳۰ تا ۱۹:۳۰']}",https://www.google.com/maps/place/data=!3m1!4b1!4m2!3m1!1s0x3fbdcd005f79362d:0xd24da410cebec6c7,https://search.google.com/local/reviews?placeid=ChIJLTZ5XwDNvT8Rx8a-zhCkTdI&authuser=0,https://lh3.googleusercontent.com/gps-cs-s/AHVAwepngLKOdxddcntwEMHRWX0WDq2Xk5WfZ0CBOqA2q1wNIicHS8K6221haIXHDCW0Pb3vCclZ-FfboU_dY6gBPNuKZ2UITKFIHZtd9fzDAFqROgIFru9CXC7FCdaM05KNoXTVTD_AoBOzRDI6,
0x3f8d95006d9c9a8b:0xb6177cba22ca4ba2,چینی یدک,+989120685032,چینی یدک، R236+W53 خلج آباد، کرج، استان البرز، ایران,کرج,استان البرز,IR,35.804762499999995,51.0104219,4.3,,فروشگاه لوازم یدکی,فروشگاه لوازم یدکی,,OPEN,,{'شنبه': ['۸:۴۵ تا ۲۰:۴۵']},https://www.google.com/maps/place/data=!3m1!4b1!4m2!3m1!1s0x3f8d95006d9c9a8b:0xb6177cba22ca4ba2,https://search.google.com/local/reviews?placeid=ChIJi5qcbQCVjT8RokvKIrp8F7Y&authuser=0,https://lh3.googleusercontent.com/gps-cs-s/AHVAweqslPxqZbVGt8Mn6e9cWRF7UoK6lY54LSlV4Qqq8S_vytIEx2f2xni-FM7EpGDmZhR2HruhiyKUggQTlCNgZMKnmJPNfazvGXsLVyVcY63YPQbqs3teogM0ZzOSN-TVdoIurcKi,
0x3f8dfd000481e3df:0x2519ea1abe7631f0,لوازم یدکی خودروهای چینی(امیریدک),+982144114614,"Tehran Province, Tehran, Kan, Bolvar-e-Shahr-e-Ziba, P7VV+QXQ لوازم یدکی خودروهای چینی(امیریدک), ایران",تهران,استان تهران,IR,35.744459,51.294933699999994,,0,فروشگاه لوازم یدکی,فروشگاه لوازم یدکی,http://www.amiryadaak.com,OPEN,,{'شنبه': ['۱۰ تا ۲۰:۳۰']},https://www.google.com/maps/place/data=!3m1!4b1!4m2!3m1!1s0x3f8dfd000481e3df:0x2519ea1abe7631f0,https://search.google.com/local/reviews?placeid=ChIJ3-OBBAD9jT8R8DF2vhrqGSU&authuser=0,https://lh3.googleusercontent.com/gps-cs-s/AHVAweptrYpi9p8ccr-EGD-ZdoTnqd4_uN0KmXALNkHDI7PE_ZsJtdjNhrZ0IovlxEtLx63wEn_mm4fnvxyACep8nAZSPEMv8dttauC-3sto2sCPcRWaE1D5ahGcd8suhCgl44HxQUo3zg,
0x3fec957d13e9bc07:0x4b9865dd36b5bad8,فروشگاه قطعات خودروهای چینی *حامیکو*,+989189600334,استان مرکزی، اراک، شهرك گردو،، طالقاني، فروشگاه قطعات خودروهای چینی *حامیکو*، ایران,اراک,,IR,34.0719862,49.6621977,4,,فروشگاه لوازم یدکی,فروشگاه لوازم یدکی,,OPEN,,"{'شنبه': ['۹ تا ۱۳:۳۰', '۱۶ تا ۲۱']}",https://www.google.com/maps/place/data=!3m1!4b1!4m2!3m1!1s0x3fec957d13e9bc07:0x4b9865dd36b5bad8,https://search.google.com/local/reviews?placeid=ChIJB7zpE32V7D8R2Lq1Nt1lmEs&authuser=0,,
0x3fbdcb31fcc131c3:0x682b26ed2f90321b,چین یدک,+989132656410,اصفهان، استان اصفهان، اصفهان، خیابان امام خمینی،، PHCQ+P9J چین یدک، ایران,اصفهان,,IR,32.7218343,51.588376,3.5,,فروشگاه لوازم یدکی,فروشگاه لوازم یدکی,,OPEN,,{'شنبه': ['شبانه\u200cروزی باز است']},https://www.google.com/maps/place/data=!3m1!4b1!4m2!3m1!1s0x3fbdcb31fcc131c3:0x682b26ed2f90321b,https://search.google.com/local/reviews?placeid=ChIJwzHB_DHLvT8RGzKQL-0mK2g&authuser=0,https://lh3.googleusercontent.com/gps-cs-s/AHVAwermebyQVoVA6vY4eUz_IXJLcQPABfr2w8lwCZp4mGvm3ODqOlvvNzxVNPJCryYEQ4Tr226hw3X4EEPH4MPaAY2EpZBnRtOSFMxBRtuuzmMo-S11_fxZcW-NAp1ihdO_bGr-AqaitQ,
0x3f8dfb007e7167a1:0x80f6dc158415a7a7,فروشگاه لوازم یدکی چینی,,فروشگاه لوازم یدکی چینی، M6RX+F72، تهران، ایران,تهران,,IR,35.6911395,51.248154299999996,,0,بازار لوازم یدکی,بازار لوازم یدکی,,OPEN,,{},https://www.google.com/maps/place/data=!3m1!4b1!4m2!3m1!1s0x3f8dfb007e7167a1:0x80f6dc158415a7a7,https://search.google.com/local/reviews?placeid=ChIJoWdxfgD7jT8Rp6cVhBXc9oA&authuser=0,,
0x3f96850013f1bb75:0x5b014a8828693664,لوازم یدکی خودرو های چینی کاشان,+989132646458,لوازم یدکی خودرو های چینی کاشان، XFH5+X7H، کاشان، ایران,کاشان,,IR,33.979971899999995,51.458259399999996,5,,فروشگاه لوازم یدکی,فروشگاه لوازم یدکی,,OPEN,,{'شنبه': ['۸ تا ۲۲']},https://www.google.com/maps/place/data=!3m1!4b1!4m2!3m1!1s0x3f96850013f1bb75:0x5b014a8828693664,https://search.google.com/local/reviews?placeid=ChIJdbvxEwCFlj8RZDZpKIhKAVs&authuser=0,,
0x3f8e1df71438da7f:0x7d939aa9f9fcd5bd,فروشگاه لوازم خودروهای چینی سپهران یدک,,تهران، شرقی.خیابان شفیعی مکرم 135 شمالی.پلاک374. سپهران یدک، خیابان وفادار، فروشگاه لوازم خودروهای چینی سپهران یدک، ایران,تهران,,IR,35.7484383,51.553126899999995,,0,مغازه,مغازه,,OPEN,,{'شنبه': ['۹ تا ۲۱']},https://www.google.com/maps/place/data=!3m1!4b1!4m2!3m1!1s0x3f8e1df71438da7f:0x7d939aa9f9fcd5bd,https://search.google.com/local/reviews?placeid=ChIJf9o4FPcdjj8RvdX8-amak30&authuser=0,https://lh3.googleusercontent.com/gps-cs-s/AHVAweqWOjyZ-twrNYNBkE8DSmamBhMswkMjynnjhLZXhDpUPWY91FZVY3aBKnkYZAlgyBXfdJm7upOv6YEFcem79CI0ku2mT1XOlOMkgG5WJ4XKY9BfaEPAEkR8_gI_F-InqF46DJ_En9VV8hbl,
0x3fbc35000d81b3b7:0x6800f545a95b6a49,لوازم یدکی خودرو چینی اصفهان | خودروچین,+989135446400,"Isfahan Province, Isfahan, Shahid Beheshti St, JMX3+77C لوازم یدکی خودرو چینی اصفهان | خودروچین, ایران",اصفهان,استان اصفهان,IR,32.649902,51.6531551,,0,فروشگاه لوازم جانبی خودرو,فروشگاه لوازم جانبی خودرو,https://khodrochinshop.ir,OPEN,,"{'شنبه': ['۸ تا ۱۳', '۱۶ تا ۲۰']}",https://www.google.com/maps/place/data=!3m1!4b1!4m2!3m1!1s0x3fbc35000d81b3b7:0x6800f545a95b6a49,https://search.google.com/local/reviews?placeid=ChIJt7OBDQA1vD8RSWpbqUX1AGg&authuser=0,,
0x3fb20d323da1d1a3:0x785d077d64bb1a2a,لوازم یدکی وحید,+989179687502,استان فارس، شیراز، خط کندرو بولوار مدرس، JH36+RJ2 لوازم یدکی وحید، ایران,شیراز,استان فارس,IR,29.604504499999997,52.561526099999995,4.9,,فروشگاه لوازم یدکی,فروشگاه لوازم یدکی,https://vahidpart.ir,OPEN,,{'شنبه': ['۸ تا ۲۰']},https://www.google.com/maps/place/data=!3m1!4b1!4m2!3m1!1s0x3fb20d323da1d1a3:0x785d077d64bb1a2a,https://search.google.com/local/reviews?placeid=ChIJo9GhPTINsj8RKhq7ZH0HXXg&authuser=0,https://lh3.googleusercontent.com/gps-cs-s/AHVAwerUBEk-soDNadgqlnR7nScQN2OjUE7qm6z6ZzCFYeK08ZbRtgdYICbilrPgP5AnlGNX9ZlTtcLsuNUdLbjws1YFWgaBnZOYubCIMxbYLVk9B-HCO9k58wKgYB0yUgKOsAs5jg4=m18,
0x3fb272cb01e217bd:0xddbbd1bf50bc047d,لوازم یدک خودرو دهقانی,+987137361633,استان فارس، شیراز، خط کندرو بزرگراه رحمت، HHJ4+C9V لوازم یدک خودرو دهقانی، ایران,شیراز,استان فارس,IR,29.581109599999998,52.5559343,4,,فروشگاه لوازم یدکی,فروشگاه لوازم یدکی,,OPEN,,{'شنبه': ['۹ تا ۲۰']},https://www.google.com/maps/place/data=!3m1!4b1!4m2!3m1!1s0x3fb272cb01e217bd:0xddbbd1bf50bc047d,https://search.google.com/local/reviews?placeid=ChIJvRfiActysj8RfQS8UL_Ru90&authuser=0,https://lh3.googleusercontent.com/gps-cs-s/AHVAwepcUYjgrURJOs9D1hwMr8SeFfVFTKRn68SIXadkjWm-xIhJ16B2_SuhO_1lY3cJRuwPcb1mHw4n5X7Q3Z5HQuAx2bkGJ7KOkZh2JTviBRwlDLWltI2JrdO3behEMjLrLvlUnWHfng,
0x3fb213b0b52a1827:0xc787e5fc3d9d8faf,لوازم یدکی نوین,+987138234605,"استان فارس، شیراز, امیر کبیر, No. 33، لوازم یدکی نوین، ایران",شیراز,استان فارس,IR,29.6127917,52.479663699999996,5,,فروشگاه لوازم یدکی,فروشگاه لوازم یدکی,,OPEN,,{'شنبه': ['۸ تا ۲۱:۳۰']},https://www.google.com/maps/place/data=!3m1!4b1!4m2!3m1!1s0x3fb213b0b52a1827:0xc787e5fc3d9d8faf,https://search.google.com/local/reviews?placeid=ChIJJxgqtbATsj8Rr4-dPfzlh8c&authuser=0,https://lh3.googleusercontent.com/gps-cs-s/AHVAweoPVRPOBGXNkrofc27TxPXSoDGlUE3ZBDry3s0MoiERVCchEKVM_TeYi-7IKukZFnMcHyoSj9Zc3CgwTL0G0qKYvFB4gbD8sRi-uJzDu9_irlCGEQCmTj8oKXUiPvmG1KSJQ6CLPw,
0x3fb2128b0d0d9043:0x220f00aae3cde7e0,فروشگاه هادی پارت جک و لیفان-(نوین پارت),+989179250043,شیراز، ،ابتدای، بلوار امیرکبیر، JG46+4W2 فروشگاه هادی پارت جک و لیفان-(نوین پارت)، بعد از بانک ملی، ایران,شیراز,,IR,29.6052702,52.512259799999995,3.8,,فروشگاه لوازم یدکی,"فروشگاه لوازم یدکی, خدمات تبادل میان کسب و کارها",https://www.nydk.ir,OPEN,,"{'شنبه': ['۹ تا ۱۴', '۱۶:۳۰ تا ۲۰']}",https://www.google.com/maps/place/data=!3m1!4b1!4m2!3m1!1s0x3fb2128b0d0d9043:0x220f00aae3cde7e0,https://search.google.com/local/reviews?placeid=ChIJQ5ANDYsSsj8R4OfN46oADyI&authuser=0,https://lh3.googleusercontent.com/gps-cs-s/AHVAweoYeYeF4g65FtQBesYn-8xeogAj4ja5vL-s7Zu0R3nsrFx-YbPiJeRUw8xX2T3vNYB_nXGvvvQlYdWcqXODJul7rvR3Sg7Q7ov8i4drg-A0fHtvldQzk6Y9pbSnDhN5sWN3gFEJAA,
0x3fb2137af6635919:0xb211f11b971b07b8,فروشگاه شیراز یدک,+987138384393,فروشگاه شیراز یدک، JF6Q+J6M منطقه ۴، شیراز، استان فارس، ایران,شیراز,استان فارس,IR,29.6115243,52.488229499999996,4.5,,فروشگاه لوازم یدکی,فروشگاه لوازم یدکی,,OPEN,,{'شنبه': ['۸ تا ۲۰']},https://www.google.com/maps/place/data=!3m1!4b1!4m2!3m1!1s0x3fb2137af6635919:0xb211f11b971b07b8,https://search.google.com/local/reviews?placeid=ChIJGVlj9noTsj8RuAcblxvxEbI&authuser=0,https://lh3.googleusercontent.com/gps-cs-s/AHVAweo_lPE3tNCoJDClqceo69b6y9XHTS80pSxTWZ4ZaC9fKZphElP4uFpuCIxpAVKvmY9ufjOe0wU2G5Yd9J9R-XMR6JJyVtcO6VPacaVqhopVADgaYokErW0j8m_dcn1sR3KVBcxilA,
0x3fb213c444ac0d2b:0x6b2decdf0f029783,قطعات خودرو ذاکر,+989179366250,استان فارس، شیراز، منطقه ۴، شیراز،،، قطعات خودرو ذاکر، ایران,شیراز,,IR,29.6054285,52.5116461,5,,فروشگاه لوازم یدکی,فروشگاه لوازم یدکی,,OPEN,,{'شنبه': ['۸ تا ۲۱']},https://www.google.com/maps/place/data=!3m1!4b1!4m2!3m1!1s0x3fb213c444ac0d2b:0x6b2decdf0f029783,https://search.google.com/local/reviews?placeid=ChIJKw2sRMQTsj8Rg5cCD9_sLWs&authuser=0,https://lh3.googleusercontent.com/gps-cs-s/AHVAwerJE9vQc7zgNHAG1uWpSPm0g-KhNheUjnERwgwY1l2tn40CoF2B1eONImoiBKs70cPOL6SVe7DgVmdJgYR6wRYxeYtEsFyG-HeGYpZH6F_1tkA6FEAf4b_YZoA5qJDOpTkVyJ7b,
0x3fb20cdac192fbcb:0xc9f1fc99e6bedc8,نمایندگی لوازم یدکی ایساکو (زارع),+987137337429,نمایندگی لوازم یدکی ایساکو (زارع)، JH3M+MFQ منطقه ۳، شیراز، استان فارس، ایران,شیراز,استان فارس,IR,29.6042053,52.5837455,3.5,,تأمین‌کننده قطعات بدنه اتومبیل,تأمین‌کننده قطعات بدنه اتومبیل,,OPEN,,{'شنبه': ['۸ تا ۲۰']},https://www.google.com/maps/place/data=!3m1!4b1!4m2!3m1!1s0x3fb20cdac192fbcb:0xc9f1fc99e6bedc8,https://search.google.com/local/reviews?placeid=ChIJy_uSwdoMsj8RyO1rnskfnww&authuser=0,https://lh3.googleusercontent.com/gps-cs-s/AHVAwepc5PnCXA9I5VpHxuIh_U8gzEuWG1uCcQUWOC58u8csnTx_KDvpa2N8TlUk1JfwqmVM5K0mHV_dHaeIaa6D9_rjhjkOXGLXljZrTox8S7JnFjaXN9NKPEBxYP_vBPJVKfWLi8z8hg,
0x3fb2152eb709458b:0xbb16c70a51fe781d,پخش عمده لوازم یدکی زارع,+989307116363,"استان فارس، شیراز, 15 Rd, JC8R+CH3 پخش عمده لوازم یدکی زارع، ایران",شیراز,استان فارس,IR,29.616018399999998,52.4414229,5,,فروشگاه لوازم یدکی,فروشگاه لوازم یدکی,,OPEN,,{'شنبه': ['۸ تا ۲۰']},https://www.google.com/maps/place/data=!3m1!4b1!4m2!3m1!1s0x3fb2152eb709458b:0xbb16c70a51fe781d,https://search.google.com/local/reviews?placeid=ChIJi0UJty4Vsj8RHXj-UQrHFrs&authuser=0,https://lh3.googleusercontent.com/gps-cs-s/AHVAwepLcIlDvZfEtq8iTm9IPd9vY3xLB6CCvVRRmwe9081jRl-hePZtlw4s-Az4wc8lWHg2jZ3l6docvw-3WvSC4ihz_-8PDwQ9sxOa1Yts2XZDpX9WuteaaidJct0E7Y9PcEqt3KKh,
0x3fb20d5ef30217f5:0x27713b211c0cefa3,لوازم یدکی حقیقت 110,+987137382668,استان فارس، شیراز، امام حسین، HGVP+F7C لوازم یدکی حقیقت 110، ایران,شیراز,استان فارس,IR,29.5936833,52.5356445,4.3,,فروشگاه لوازم یدکی,فروشگاه لوازم یدکی,http://yadakhaghighat110.com,OPEN,,{'شنبه': ['۸:۱۵ تا ۲۰:۳۰']},https://www.google.com/maps/place/data=!3m1!4b1!4m2!3m1!1s0x3fb20d5ef30217f5:0x27713b211c0cefa3,https://search.google.com/local/reviews?placeid=ChIJ9RcC814Nsj8Ro-8MHCE7cSc&authuser=0,https://lh3.googleusercontent.com/gps-cs-s/AHVAwerjjrIl9nV5A2crgOPW9CTW8DDQumHNXKPn2McenRRYEQ9OtaGdyOoQpf5fQ9M-assuLGmAvaE1bylpPJyJwCQkPjSFTFox9dluATToKEn1ETiVycOqjqjyEFR5_5tYE7SGVH41dg,
0x3fb21394c7a479ad:0x59e96d9a1d66266d,لوازم یدکی خودروهای چینی سامکو,+989126191092,"Fars Province, Shiraz, کوچه 3،, JF6H+HF4 لوازم یدکی خودروهای چینی سامکو, ایران",شیراز,استان فارس,IR,29.6113964,52.4787186,4.6,,فروشگاه لوازم یدکی,فروشگاه لوازم یدکی,,OPEN,,{'شنبه': ['۹ تا ۱۹']},https://www.google.com/maps/place/data=!3m1!4b1!4m2!3m1!1s0x3fb21394c7a479ad:0x59e96d9a1d66266d,https://search.google.com/local/reviews?placeid=ChIJrXmkx5QTsj8RbSZmHZpt6Vk&authuser=0,https://lh3.googleusercontent.com/gps-cs-s/AHVAweqOtNz6DSQi_2vOneJUZg7QVBNYcSerqc2Z8y0plBtHANUOTP4i8KDkbhoyY-ulrJh55QIPYTy7zBGOAXvtT3152NHfeNkiTE_x60NJUSvZ8jJlfGQUEHmD8bEIZ6GsF-vqqHk,
0x3fb20d3cc6dc2a73:0xe4460bfe2fbd0ae5,لوازم یدکی خودرو ایران ژاپن شیراز,+989359916753,"شیراز،،, منطقه ۸،, Fars Province, Shiraz, JH43+2VF لوازم یدکی خودرو ایران ژاپن شیراز, ایران",شیراز،،,,IR,29.605055,52.5546717,4.7,,فروشگاه لوازم یدکی,فروشگاه لوازم یدکی,,OPEN,,{'شنبه': ['بسته']},https://www.google.com/maps/place/data=!3m1!4b1!4m2!3m1!1s0x3fb20d3cc6dc2a73:0xe4460bfe2fbd0ae5,https://search.google.com/local/reviews?placeid=ChIJcyrcxjwNsj8R5Qq9L_4LRuQ&authuser=0,https://lh3.googleusercontent.com/gps-cs-s/AHVAweqxqCwYxVx_s7_cP9jPiH9rLY0u4hRiy7PcwJMtXLMznjqDAtNvGJz0P5P8wyn6_gJ-fNM94Sm7PAtuvllO_iC8rOUu3oi2uDFcMqgT-eD0NjP_b2KQTQVMXz6OwlfuOnuk_8aaQQ,
0x3fb20cdea8fe808f:0xb145f58e7c73ec9f,قطعات ایران خودرو,,استان فارس، شیراز، بلوار فضیلت، JH4H+HW3 قطعات ایران خودرو، ایران,شیراز,استان فارس,IR,29.606398199999997,52.579810599999995,3.8,,فروشگاه لوازم یدکی,فروشگاه لوازم یدکی,,OPEN,,{'شنبه': ['۸ تا ۲۰']},https://www.google.com/maps/place/data=!3m1!4b1!4m2!3m1!1s0x3fb20cdea8fe808f:0xb145f58e7c73ec9f,https://search.google.com/local/reviews?placeid=ChIJj4D-qN4Msj8Rn-xzfI71RbE&authuser=0,,
0x3fb21505373ba335:0x9fe3c373e8408ced,لوازم یدکی کمالی,+989397138381,شیراز، شیراز، استان فارس، شیراز،، بلوار امیرکبیر، روبه‌روی پلیسراه قدیم،، JC8R+X5C لوازم یدکی کمالی، ایران,شیراز,,IR,29.6174403,52.440387099999995,5,,فروشگاه لوازم یدکی,فروشگاه لوازم یدکی,,OPEN,,{'شنبه': ['۷ تا ۲۲:۳۰']},https://www.google.com/maps/place/data=!3m1!4b1!4m2!3m1!1s0x3fb21505373ba335:0x9fe3c373e8408ced,https://search.google.com/local/reviews?placeid=ChIJNaM7NwUVsj8R7YxA6HPD458&authuser=0,https://lh3.googleusercontent.com/gps-cs-s/AHVAweofS1j4pE54Ih9GUSm3Pr0Q0q2Dulicr75ckFNg5140z8I-IJqOJoKHW_nusmRRyOjMlEapUbD4hT_UOcTeCIhH421gG1IAipZQIDO3MjAOwIaaEOacYE0U4j5_LWt4phjSwsMQSjGXrzo,
0x3fb213a2c8524901:0xeb3cf15961c7c205,فروشگاه هایما یدک شیراز,+989177111701,شیراز، سه راه بهار جنب اش شمس فروشگاه هایما یدک شیراز، خیابان شمس تبریزی، JG4C+WH4 فروشگاه هایما یدک شیراز، ایران,شیراز,,IR,29.6072745,52.521462,4.9,,فروشگاه لوازم یدکی,فروشگاه لوازم یدکی,,OPEN,,{'شنبه': ['۸ تا ۲۱']},https://www.google.com/maps/place/data=!3m1!4b1!4m2!3m1!1s0x3fb213a2c8524901:0xeb3cf15961c7c205,https://search.google.com/local/reviews?placeid=ChIJAUlSyKITsj8RBcLHYVnxPOs&authuser=0,https://lh3.googleusercontent.com/gps-cs-s/AHVAweqs26Man1DbuDDZF7AT3Z_pTqDMOXMa9GU0j0U4PuOP4TzDQe0TG9DwxZRZD3RB8VYjdNZ6vQYzKY72nVg93RYMD4wsA4MpHMes2Pkhz5-eTaKCDXNxU1JG8I87TDUzYlYwOMwM,
0x3fb213b12dad92c1:0x5ce165085d10f479,فروشگاه لوازم یدکی پژو دریا,+989039111435,فروشگاه لوازم یدکی پژو دریا، JF7J+8M4 منطقه ۴، شیراز، استان فارس، ایران,شیراز,استان فارس,IR,29.613271899999997,52.481713199999994,3.7,,فروشگاه لوازم یدکی,فروشگاه لوازم یدکی,,OPEN,,{'شنبه': ['۷:۴۵ تا ۲۰:۳۰']},https://www.google.com/maps/place/data=!3m1!4b1!4m2!3m1!1s0x3fb213b12dad92c1:0x5ce165085d10f479,https://search.google.com/local/reviews?placeid=ChIJwZKtLbETsj8RefQQXQhl4Vw&authuser=0,https://lh3.googleusercontent.com/gps-cs-s/AHVAweqB1_q47V1DlyCyOqKeVwx2BLBK7bMIDvr69QGACpuhfQIwQ9inwQNUtLAC50s_Q2G5aJTS3bnBAkkPeHc3rkQcSZZWzRlo2jHAlWp7AUDn9BQiv2XkWDU5zZRM6-YYqaiYu7q3hA,
0x3fb21919f21b4dcf:0xd09476e384b06fab,لوازم یدکی ماشین گلستان,+989353595941,لوازم یدکی ماشین گلستان، QC27+3C3، شیراز، استان فارس، ایران,شیراز,استان فارس,IR,29.7501277,52.413559,2.3,,فروشگاه لوازم یدکی,فروشگاه لوازم یدکی,,OPEN,,{'شنبه': ['۸ تا ۲۰']},https://www.google.com/maps/place/data=!3m1!4b1!4m2!3m1!1s0x3fb21919f21b4dcf:0xd09476e384b06fab,https://search.google.com/local/reviews?placeid=ChIJz00b8hkZsj8Rq2-whON2lNA&authuser=0,https://lh3.googleusercontent.com/gps-cs-s/AHVAwep_rA2OgeWJgMvcMs3PVw6feZbHgSgSuUS4TlEedgSV-Bn48H_bOEb0WfNkKMFQkG0ytaCmsS7uonVZexGFDZwJImKlwKfDz6d4gXrlMDiS3zeVQy4NVsC8tF9EJxBgggGup0JCkQ,
0x3fb213651aee4a43:0x116da375d08f37c7,یدکی,+989177933458,استان فارس، شیراز، بلوار امیرکبیر، JF6P+WPP یدکی، ایران,شیراز,استان فارس,IR,29.6123402,52.4868142,3,,فروشگاه لوازم یدکی,فروشگاه لوازم یدکی,,OPEN,,{'شنبه': ['شبانه\u200cروزی باز است']},https://www.google.com/maps/place/data=!3m1!4b1!4m2!3m1!1s0x3fb213651aee4a43:0x116da375d08f37c7,https://search.google.com/local/reviews?placeid=ChIJQ0ruGmUTsj8RxzeP0HWjbRE&authuser=0,,
0x3fb213237234829f:0xe0859b884719977e,لوازم یدکی ریو زانتیا,+987138222526,"Fars Province, Shiraz, شیراز،بلوار امیرکبیر، چهارراه ریشمک،, Amir Kabir Blvd, JF6M+RM4 لوازم یدکی ریو زانتیا, ساختمان دریس, ایران",شیراز,استان فارس,IR,29.6120077,52.48421,4.4,,فروشگاه لوازم جانبی خودرو,فروشگاه لوازم جانبی خودرو,,OPEN,,"{'شنبه': ['۸ تا ۱۴', '۱۵ تا ۲۰:۳۰']}",https://www.google.com/maps/place/data=!3m1!4b1!4m2!3m1!1s0x3fb213237234829f:0xe0859b884719977e,https://search.google.com/local/reviews?placeid=ChIJn4I0ciMTsj8RfpcZR4ibheA&authuser=0,https://lh3.googleusercontent.com/gps-cs-s/AHVAweo4OgiNXx_T2P53mAf1bekKLOaLweWoInvBDxniOJ8ABqTECNdlimwYjfLfuwUUB9JKD94s4LIsyXqfH-mIJuGyMTSFKi_U6vljyqmk6BTOdpFK6QCi99pC_ucklMTLKjvOsnof,
0x3fb213bff9fce9e7:0xd11d5e89c9312c9e,قطعات خودرو آماد پارت,+989001854050,استان فارس، شیراز، بلوار امیرکبیر، JG47+26P قطعات خودرو آماد پارت، ایران,شیراز,استان فارس,IR,29.605049899999997,52.513151799999996,4.6,,فروشگاه لوازم یدکی,فروشگاه لوازم یدکی,https://amadpart.com,OPEN,,{'شنبه': ['۸ تا ۱۹']},https://www.google.com/maps/place/data=!3m1!4b1!4m2!3m1!1s0x3fb213bff9fce9e7:0xd11d5e89c9312c9e,https://search.google.com/local/reviews?placeid=ChIJ5-n8-b8Tsj8RniwxyYleHdE&authuser=0,https://lh3.googleusercontent.com/gps-cs-s/AHVAweqJNmkuQjMzFPkURvPHUV6U1aLG7kru7SJOT5bA55EuDZ3Wy138eGgZAOE4tkWpLgSH_0KUmiU2_jeMSqANng_oFOtLdUNzXHX3PX60eKWBFuFZxyHDHF6Szu8U6aAxJ_oSMVxuGgpfsGse,
0x3fb21308f20c7c25:0x2105bd970b288ac1,لوازم یدکی کیا و هیوندای اسدی,+989171031339,"Shiraz, Fars Xiraz استان فارس، شیراز، بلوار امیر کبیر،, کوچه12، پلاک نبش, لوازم یدکی کیا و هیوندای اسدی، ایران",شیراز,,IR,29.609197199999997,52.4979823,5,,فروشگاه لوازم یدکی,فروشگاه لوازم یدکی,http://www.asadipart.com,OPEN,,{'شنبه': ['۸ تا ۱۹:۳۰']},https://www.google.com/maps/place/data=!3m1!4b1!4m2!3m1!1s0x3fb21308f20c7c25:0x2105bd970b288ac1,https://search.google.com/local/reviews?placeid=ChIJJXwM8ggTsj8RwYooC5e9BSE&authuser=0,https://lh3.googleusercontent.com/gps-cs-s/AHVAweqQvy5heJ7z9Tpty1jvrwqonQKe38cdBl-RtvAKbTe4LV3rduGpACl9qz3s4OLWLmHIZIBxD75j5TUytwrokvMtIf9ZX0lSYoTj7f6lvLqpD8GoChgfTvtMT5aAxKKr1yebC2lL,
0x3f8e07372afa8e71:0x68d7738b35d3c151,عاملیت مجاز فروش قطعات یدکی سایپا,+982188278351,"Tehran Province, Tehran, District 2, جلال آل احمد, پلاک ۱۵۷, No. جنب، عاملیت مجاز فروش قطعات یدکی سایپا، آتش نشانی, ایران",تهران,استان تهران,IR,35.727525199999995,51.3730906,4.1,,مغازه,مغازه,,OPEN,,{'شنبه': ['۷:۳۰ تا ۲۱']},https://www.google.com/maps/place/data=!3m1!4b1!4m2!3m1!1s0x3f8e07372afa8e71:0x68d7738b35d3c151,https://search.google.com/local/reviews?placeid=ChIJcY76KjcHjj8RUcHTNYtz12g&authuser=0,https://lh3.googleusercontent.com/gps-cs-s/AHVAweohZiOu-2p3-UQr3-OMN0am63GQDLDJFbXQHFECeEGFgbSId-ctnBBXrkqc0y3b_aQim1pxKiWEa0s2xnoZE-crvEu2L_fH9NO9XHHYiOwKCdmadmmzy7TErti7cLsvzp-FzFntU-6cmvDU,
0x3f8e0302e6853a7f:0x8ba7fcd0562c070c,نمایندگی قطعات سایپا(کد ۸۸۴،هاشمی),+982122520457,"Tehran, N Ostad Hasan Banna Ave, PFXC+JJR نمایندگی قطعات سایپا(کد ۸۸۴،هاشمی), ایران",تهران,,IR,35.749121699999996,51.471501499999995,3,,تعمیرگاه خودرو,تعمیرگاه خودرو,,OPEN,,{'شنبه': ['شبانه\u200cروزی باز است']},https://www.google.com/maps/place/data=!3m1!4b1!4m2!3m1!1s0x3f8e0302e6853a7f:0x8ba7fcd0562c070c,https://search.google.com/local/reviews?placeid=ChIJfzqF5gIDjj8RDAcsVtD8p4s&authuser=0,,
0x3f8de2aaf0042609:0x6df56cec1749c9d3,لوازم یدکی سایپا,+982122362800,"لوازم یدکی سایپا, Q8PW+C2G, Tehran, Tehran Province, ایران",تهران,استان تهران,IR,35.786060899999995,51.3450729,3.9,,فروشگاه لوازم یدکی,فروشگاه لوازم یدکی,,OPEN,,{'شنبه': ['۸ تا ۲۱']},https://www.google.com/maps/place/data=!3m1!4b1!4m2!3m1!1s0x3f8de2aaf0042609:0x6df56cec1749c9d3,https://search.google.com/local/reviews?placeid=ChIJCSYE8KrijT8R08lJF-xs9W0&authuser=0,https://lh3.googleusercontent.com/gps-cs-s/AHVAwerdJh-0SPIkSD_dxpUiIKzGfbTVJmAP0hZTlVrt0_AupHV6BFb6BwyAUg3Qz7pN-R1-NgRPQoyxLTpM9oovIlkewG5SGYX8eM4p0gcbLu2-im4apMnnfSY6bAhe0Fby6JMa6gaSGw,
0x3f8dff2a3ee280e3:0xcc4184931652ffcf,فروشگاه لوازم یدکی ایران خودرو و سایپا شاهین,+982166230353,"Tehran Province Tehran Heydari Alley, ولیعصر، فروشگاه لوازم یدکی ایران خودرو و سایپا شاهین، ایران",تهران,,IR,35.6436263,51.340095399999996,2.6,,فروشگاه لوازم یدکی,فروشگاه لوازم یدکی,,OPEN,,{'شنبه': ['شبانه\u200cروزی باز است']},https://www.google.com/maps/place/data=!3m1!4b1!4m2!3m1!1s0x3f8dff2a3ee280e3:0xcc4184931652ffcf,https://search.google.com/local/reviews?placeid=ChIJ44DiPir_jT8Rz_9SFpOEQcw&authuser=0,https://lh3.googleusercontent.com/gps-cs-s/AHVAwepmhP3Ak6jxgxXqMjRQ_wkLb4sGVPZCrrYOQJyZ53MwNnEGnPP5ItBRXIf6Wi885MeiuNjBPF8DOmrXpyzVQweqsLG0nUNkw-5gmbVyvF9JJiUdriktqYCnQk6FNaIems1jNJ9A,
0x3f91fc937bfd75d3:0x38ffa05f971a3dd,نمایندگی سایپا پخش قطعات یدکی سلطانی کد۹۶۳۸,+982133873432,استان تهران، منطقه ۱۵، تهران،، نمایندگی سایپا پخش قطعات یدکی سلطانی کد۹۶۳۸، ایران,تهران,استان تهران,IR,35.631445,51.4883592,3.4,,فروشگاه لوازم یدکی,فروشگاه لوازم یدکی,http://www.saipayadak.org,OPEN,,{'شنبه': ['۸ تا ۲۰']},https://www.google.com/maps/place/data=!3m1!4b1!4m2!3m1!1s0x3f91fc937bfd75d3:0x38ffa05f971a3dd,https://search.google.com/local/reviews?placeid=ChIJ03X9e5P8kT8R3aNx-QX6jwM&authuser=0,https://lh3.googleusercontent.com/gps-cs-s/AHVAweqXLLCM5hHntfVtmo563j2sNxCxa814ZU5BbhoqP3hWCRMLkAxvj1zbDiRAX0No-BDCxdmdCfVc4OvOHskc3QrfhHZ4qZGqI6Ca5fhoRU_xfb0xfQo7IP3F3HMUGou_jHfXoVc,
0x3f8e009799aa13a3:0x51cd5dfc2150fc1,سایپا,+982166086544,استان تهران، تهران، خیابان طوس، M9V5+QFJ سایپا، ایران,تهران,استان تهران,IR,35.694451199999996,51.3586484,3.9,,فروشگاه لوازم یدکی,فروشگاه لوازم یدکی,,OPEN,,{'شنبه': ['۸ تا ۱۹:۴۵']},https://www.google.com/maps/place/data=!3m1!4b1!4m2!3m1!1s0x3f8e009799aa13a3:0x51cd5dfc2150fc1,https://search.google.com/local/reviews?placeid=ChIJoxOqmZcAjj8RwQ8Vwt_VHAU&authuser=0,https://lh3.googleusercontent.com/gps-cs-s/AHVAweoZ19TXHVJC0iM3fhHrSQTaT2H2hYHmYaITlc1FOf2jG6kdxsP-RwrHgYHn0Y3JFTkVkR4j78Kiq4LIzArx19jGWW5v-id6ZA-EaOrPpHhtjDKnztCl8SbA0dEGm-TicR5KQx4jew,
0x3f91fbbfe50583bd:0xb5fe8edce964e104,سایپالند ، نمایندگی مجاز فروش لوازم یدکی سایپا,+982133404189,"استان تهران، تهران, Bolvar-e-Nezami, HF79+PG6 سایپالند ، نمایندگی مجاز فروش لوازم یدکی سایپا، ایران",تهران,استان تهران,IR,35.564284799999996,51.4687547,5,,فروشگاه لوازم یدکی,فروشگاه لوازم یدکی,https://saipaland.com,OPEN,,{},https://www.google.com/maps/place/data=!3m1!4b1!4m2!3m1!1s0x3f91fbbfe50583bd:0xb5fe8edce964e104,https://search.google.com/local/reviews?placeid=ChIJvYMF5b_7kT8RBOFk6dyO_rU&authuser=0,https://lh3.googleusercontent.com/gps-cs-s/AHVAwerVDlzVmoaoI0ng6WRtSycUEpHXC9Su4GH1M-b7q99gjTD-73aV51Wee9pu149Nsy8B8-5_E-t5UY7DwNZyFx47NnrbbL3Nli9yDK0JNhMP6uEkwD2N9FhNPfrhtj-TkkrU9nM,
0x3f8dfd2640fc6f1d:0x8a37c44e2baf8340,سایپا یدک گلزارپور,+982144520666,سایپا یدک گلزارپور، M7W8+R5P، تهران، استان تهران، ایران,تهران,استان تهران,IR,35.6970965,51.2654536,3.5,,فروشگاه لوازم جانبی خودرو,فروشگاه لوازم جانبی خودرو,,OPEN,,{'شنبه': ['۸ تا ۲۰']},https://www.google.com/maps/place/data=!3m1!4b1!4m2!3m1!1s0x3f8dfd2640fc6f1d:0x8a37c44e2baf8340,https://search.google.com/local/reviews?placeid=ChIJHW_8QCb9jT8RQIOvK07EN4o&authuser=0,https://lh3.googleusercontent.com/gps-cs-s/AHVAweoSCqlTK0xf_8TXrgErT7gkikxFlTDPurB7AHvUc4fxpwTFxpe1c7mAlQTdvPfNzRuznZ_HXQX2vNl6VJYT_5-tGmMs2qYsYQxT0GXnIvrNwIi5dQpJ1JEDspVmtMbKVFv3-sH4Hw,
0x3f8e0178df7536fd:0xf782a34f4e3f8445,فروشگاه یوسفی - نمایندگی قطعات سایپا,+982133938201,"فروشگاه یوسفی - نمایندگی قطعات سایپا, MCPG+Q3R District 12, Tehran, Tehran Province, ایران",تهران,استان تهران,IR,35.6869874,51.4251386,5,,فروشگاه لوازم یدکی,فروشگاه لوازم یدکی,,OPEN,,{'شنبه': ['۸ تا ۱۷']},https://www.google.com/maps/place/data=!3m1!4b1!4m2!3m1!1s0x3f8e0178df7536fd:0xf782a34f4e3f8445,https://search.google.com/local/reviews?placeid=ChIJ_TZ133gBjj8RRYQ_Tk-jgvc&authuser=0,https://lh3.googleusercontent.com/gps-cs-s/AHVAweqJwsZ4KyDdw-IrUblOOUKSlvNhDsuDQ-XDhL2ZielqI2UWDwO0O7rEQ0Gq1ci88w9mfCr2ipOIi-sqA34ILsUEl_V92GRaxYQdyrSpMkL5ykpBSASy1pA09Q8iUDqnZC6O4eTT,
0x3f8d951a1cea72d1:0x905b8cfe68202682,نمایندگی قطعات سایپا,,"نمایندگی قطعات سایپا, Q2H4+265 Sarhadabad, Karaj, Alborz Province, ایران",کرج,استان البرز,IR,35.7775047,51.005607399999995,1,,بازار لوازم یدکی,بازار لوازم یدکی,,OPEN,,{'شنبه': ['۸ تا ۲۱']},https://www.google.com/maps/place/data=!3m1!4b1!4m2!3m1!1s0x3f8d951a1cea72d1:0x905b8cfe68202682,https://search.google.com/local/reviews?placeid=ChIJ0XLqHBqVjT8RgiYgaP6MW5A&authuser=0,,
0x3f8dfcb5a43e0f45:0x2ff999390e7e990b,سایپایدک ۱۷۰۲۰,+982144322540,سایپایدک ۱۷۰۲۰، Q75J+4X7 کن، تهران، استان تهران، ایران,تهران,استان تهران,IR,35.7577897,51.2824108,4.4,,فروشگاه لوازم یدکی,فروشگاه لوازم یدکی,http://www.otoyadaki.com,OPEN,,{'شنبه': ['۸ تا ۲۰']},https://www.google.com/maps/place/data=!3m1!4b1!4m2!3m1!1s0x3f8dfcb5a43e0f45:0x2ff999390e7e990b,https://search.google.com/local/reviews?placeid=ChIJRQ8-pLX8jT8RC5l-DjmZ-S8&authuser=0,https://lh3.googleusercontent.com/gps-cs-s/AHVAweobP0YCcJn60mrtewau-CJg7PFRYcD4sXpGz5hG4rDZS7n0EYOg7gv10gc2U6V-cJ5NyvID3_2qP53kvuEYmi4WeoXeNY9MR7WKmUeRFK2TlmiiF45l9hsUhrQm9kVaKpE96gIt,
0x3f8dff005a42fadd:0xe7f617df5ed43147,لوازم یدکی ایران خودرو و سایپا (بنایی),+982166242276,"استان تهران، تهران, Nasiri, M83J+JWQ لوازم یدکی ایران خودرو و سایپا (بنایی)، ایران",تهران,استان تهران,IR,35.6539613,51.332331499999995,5,,فروشگاه لوازم یدکی,فروشگاه لوازم یدکی,,OPEN,,{'شنبه': ['۸ تا ۲۲:۳۰']},https://www.google.com/maps/place/data=!3m1!4b1!4m2!3m1!1s0x3f8dff005a42fadd:0xe7f617df5ed43147,https://search.google.com/local/reviews?placeid=ChIJ3fpCWgD_jT8RRzHUXt8X9uc&authuser=0,,
0x3f8e007c411dcb7b:0xe63f65b7140dc5ef,فروشگاه لوازم یدکی سایپا,+982155779177,"Tehran Province, Tehran, District 9, Jorjani St, M9F3+3G7 فروشگاه لوازم یدکی سایپا, ایران",تهران,استان تهران,IR,35.6726548,51.3537967,1.5,,فروشگاه لوازم برقی,فروشگاه لوازم برقی,,OPEN,,{'شنبه': ['۸:۳۰ تا ۱۸']},https://www.google.com/maps/place/data=!3m1!4b1!4m2!3m1!1s0x3f8e007c411dcb7b:0xe63f65b7140dc5ef,https://search.google.com/local/reviews?placeid=ChIJe8sdQXwAjj8R78UNFLdlP-Y&authuser=0,,
0x3f8e03d47f6dfb13:0xbba10b746fc6a928,لوازم یدکی مجاز سایپا,+982177824785,تهران، خیابان دماوند،تهران،، لوازم یدکی مجاز سایپا، ایران,تهران,,IR,35.7109228,51.4781443,3,,فروشگاه لوازم یدکی,فروشگاه لوازم یدکی,,OPEN,,{'شنبه': ['۸:۳۰ تا ۲۰:۳۰']},https://www.google.com/maps/place/data=!3m1!4b1!4m2!3m1!1s0x3f8e03d47f6dfb13:0xbba10b746fc6a928,https://search.google.com/local/reviews?placeid=ChIJE_ttf9QDjj8RKKnGb3QLobs&authuser=0,,
0x3f8e01005ab2c475:0xe1789200180cfcf5,لوازم یدکی سایپا | یدکسا,+989122440284,"Tehran Province, Tehran, District 12, Kaveh Alley, لوازم یدکی سایپا | یدکسا, ایران",تهران,استان تهران,IR,35.6895811,51.426326499999995,,0,فروشگاه لوازم یدکی,فروشگاه لوازم یدکی,http://yadaksa.shop,OPEN,,{'شنبه': ['شبانه\u200cروزی باز است']},https://www.google.com/maps/place/data=!3m1!4b1!4m2!3m1!1s0x3f8e01005ab2c475:0xe1789200180cfcf5,https://search.google.com/local/reviews?placeid=ChIJdcSyWgABjj8R9fwMGACSeOE&authuser=0,https://lh3.googleusercontent.com/gps-cs-s/AHVAweohgGq7oCVL8tqX6amCE0Ti0bfYGaTbK-vbglBdVTa6kCDUjK7tK4L2HkzUTU5Mn9gLnMEiVOkBCKcbr96WEIdQdMs8KKEnBSYsTU0010u-c_jswI44RHpAO0nXuo4iVLCil0i-Pg,
0x3f91ff0068425db7:0xe0fde2b862522bef,نمایندگی فروش قطعات سایپا ( علی وثوقی),,استان تهران، تهران، منطقه ۱۹، خیابان لطیفی، J9MJ+WR2 نمایندگی فروش قطعات سایپا ( علی وثوقی)، ایران,تهران,استان تهران,IR,35.6347178,51.3821199,,0,خدمات حمل‌ونقل,خدمات حمل‌ونقل,,OPEN,,{'شنبه': ['۹ تا ۲۰:۳۰']},https://www.google.com/maps/place/data=!3m1!4b1!4m2!3m1!1s0x3f91ff0068425db7:0xe0fde2b862522bef,https://search.google.com/local/reviews?placeid=ChIJt11CaAD_kT8R7ytSYrji_eA&authuser=0,,
0x3f93bc3f53c04015:0x3264337fce3efa78,نمایندگی لوازم یدکی سایپا رحمتی پور,+982537208020,نمایندگی لوازم یدکی سایپا رحمتی پور، JWF5+8C6، قم، استان قم، ایران,قم,استان قم,IR,34.6232973,50.908503499999995,3.3,,مرکز خرید,مرکز خرید,,OPEN,,{'شنبه': ['۸ تا ۲۲']},https://www.google.com/maps/place/data=!3m1!4b1!4m2!3m1!1s0x3f93bc3f53c04015:0x3264337fce3efa78,https://search.google.com/local/reviews?placeid=ChIJFUDAUz-8kz8RePo-zn8zZDI&authuser=0,,
0x3f8e018bee4fc1bd:0x4cb984463a0ff560,فروشگاه مجتبی لوازم خودرو های سایپا,+982133959700,تهران، منطقه ۱۲، کوچه آهنی نبش پاساژ امین پ 15، خیابان اکباتان، فروشگاه مجتبی لوازم خودرو های سایپا، ایران,تهران,,IR,35.688642699999996,51.4264836,3.7,,فروشگاه لوازم یدکی,فروشگاه لوازم یدکی,,OPEN,,{'شنبه': ['۸:۳۰ تا ۱۹']},https://www.google.com/maps/place/data=!3m1!4b1!4m2!3m1!1s0x3f8e018bee4fc1bd:0x4cb984463a0ff560,https://search.google.com/local/reviews?placeid=ChIJvcFP7osBjj8RYPUPOkaEuUw&authuser=0,https://lh3.googleusercontent.com/gps-cs-s/AHVAwerIE6fWx651zRgj6JMaJes-ArKRCOqZmUidm11gPBibAO-6x4Yv7B_VnlWzYPTiXJXWUG9SwRz8nxxGlLguDUWwdJR8DebW4TyyuCwRolMYqeQi4Yx7yO4mMBGdMCrYvE8tHr626w,
0x3f8dfead79e420fd:0x61826328dc589c09,سایپا,+982166266736,سایپا، M7C8+967 منطقه ۱۸، تهران، استان تهران، ایران,تهران,استان تهران,IR,35.6709037,51.2655336,3.2,,فروشگاه لوازم یدکی,فروشگاه لوازم یدکی,,OPEN,,{'شنبه': ['۸ تا ۲۰']},https://www.google.com/maps/place/data=!3m1!4b1!4m2!3m1!1s0x3f8dfead79e420fd:0x61826328dc589c09,https://search.google.com/local/reviews?placeid=ChIJ_SDkea3-jT8RCZxY3ChjgmE&authuser=0,https://lh3.googleusercontent.com/gps-cs-s/AHVAwepVg5-7oMbWC_s8BU02f4GJaR8LvkIKXdH_69xnHnp6rB2RAIRHAb1ELz0dRWtwA95OrwMai09tOvXm8W-ZHx0PcJwZtxIy_SXGTJ8rDOUSPS3FN3QMZxSWCzDMU89UfxUBrwyV,
0x3f8dffc40eea861b:0xa32eafcb7efcba23,سایپا,+982166207030,"استان تهران، تهران، منطقه ۱۸, Heydari Alley, M83J+MVC سایپا، ایران",تهران,استان تهران,IR,35.6541765,51.3321507,4.4,,فروشگاه لوازم یدکی,فروشگاه لوازم یدکی,,OPEN,,{'شنبه': ['۸:۳۰ تا ۱۹']},https://www.google.com/maps/place/data=!3m1!4b1!4m2!3m1!1s0x3f8dffc40eea861b:0xa32eafcb7efcba23,https://search.google.com/local/reviews?placeid=ChIJG4bqDsT_jT8RI7r8fsuvLqM&authuser=0,,
